email,clase
¿Podemos reagendar la cita para el viernes?,normal
¿Podemos reagendar la cita para el viernes?,normal
El reporte está listo para revisión,normal
"Feliz cumpleaños, espero que tengas un día maravilloso",normal
¿Podemos reagendar la cita para el viernes?,normal
"Feliz cumpleaños, espero que tengas un día maravilloso",normal
¿Podemos reagendar la cita para el viernes?,normal
¿Podemos reagendar la cita para el viernes?,normal
El reporte está listo para revisión,normal
Gracias por tu ayuda con el proyecto,normal
¿Podemos reagendar la cita para el viernes?,normal
Reunión de equipo mañana a las 10am,normal
"Feliz cumpleaños, espero que tengas un día maravilloso",normal
¿Podemos reagendar la cita para el viernes?,normal
Gracias por tu ayuda con el proyecto,normal
"Feliz cumpleaños, espero que tengas un día maravilloso",normal
Gracias por tu ayuda con el proyecto,normal
Reunión de equipo mañana a las 10am,normal
Gracias por tu ayuda con el proyecto,normal
El reporte está listo para revisión,normal
Reunión de equipo mañana a las 10am,normal
¿Podemos reagendar la cita para el viernes?,normal
El reporte está listo para revisión,normal
Gracias por tu ayuda con el proyecto,normal
El reporte está listo para revisión,normal
"Feliz cumpleaños, espero que tengas un día maravilloso",normal
Reunión de equipo mañana a las 10am,normal
El reporte está listo para revisión,normal
Reunión de equipo mañana a las 10am,normal
El reporte está listo para revisión,normal
"Feliz cumpleaños, espero que tengas un día maravilloso",normal
Reunión de equipo mañana a las 10am,normal
Gracias por tu ayuda con el proyecto,normal
Gracias por tu ayuda con el proyecto,normal
Gracias por tu ayuda con el proyecto,normal
"Feliz cumpleaños, espero que tengas un día maravilloso",normal
El reporte está listo para revisión,normal
Gracias por tu ayuda con el proyecto,normal
"Feliz cumpleaños, espero que tengas un día maravilloso",normal
"Feliz cumpleaños, espero que tengas un día maravilloso",normal
¿Podemos reagendar la cita para el viernes?,normal
Gracias por tu ayuda con el proyecto,normal
Gracias por tu ayuda con el proyecto,normal
¿Podemos reagendar la cita para el viernes?,normal
Gracias por tu ayuda con el proyecto,normal
"Feliz cumpleaños, espero que tengas un día maravilloso",normal
¿Podemos reagendar la cita para el viernes?,normal
¿Podemos reagendar la cita para el viernes?,normal
¿Podemos reagendar la cita para el viernes?,normal
Reunión de equipo mañana a las 10am,normal
"Feliz cumpleaños, espero que tengas un día maravilloso",normal
"Feliz cumpleaños, espero que tengas un día maravilloso",normal
Reunión de equipo mañana a las 10am,normal
"Feliz cumpleaños, espero que tengas un día maravilloso",normal
Reunión de equipo mañana a las 10am,normal
Gracias por tu ayuda con el proyecto,normal
¿Podemos reagendar la cita para el viernes?,normal
¿Podemos reagendar la cita para el viernes?,normal
¿Podemos reagendar la cita para el viernes?,normal
El reporte está listo para revisión,normal
"Feliz cumpleaños, espero que tengas un día maravilloso",normal
Gracias por tu ayuda con el proyecto,normal
El reporte está listo para revisión,normal
"Feliz cumpleaños, espero que tengas un día maravilloso",normal
Gracias por tu ayuda con el proyecto,normal
El reporte está listo para revisión,normal
Reunión de equipo mañana a las 10am,normal
El reporte está listo para revisión,normal
"Feliz cumpleaños, espero que tengas un día maravilloso",normal
¿Podemos reagendar la cita para el viernes?,normal
"Feliz cumpleaños, espero que tengas un día maravilloso",normal
Gracias por tu ayuda con el proyecto,normal
Gracias por tu ayuda con el proyecto,normal
Gracias por tu ayuda con el proyecto,normal
¿Podemos reagendar la cita para el viernes?,normal
Reunión de equipo mañana a las 10am,normal
¿Podemos reagendar la cita para el viernes?,normal
"Feliz cumpleaños, espero que tengas un día maravilloso",normal
¿Podemos reagendar la cita para el viernes?,normal
Gracias por tu ayuda con el proyecto,normal
Gracias por tu ayuda con el proyecto,normal
Reunión de equipo mañana a las 10am,normal
Gracias por tu ayuda con el proyecto,normal
Reunión de equipo mañana a las 10am,normal
Gracias por tu ayuda con el proyecto,normal
Gracias por tu ayuda con el proyecto,normal
"Feliz cumpleaños, espero que tengas un día maravilloso",normal
¿Podemos reagendar la cita para el viernes?,normal
¿Podemos reagendar la cita para el viernes?,normal
"Feliz cumpleaños, espero que tengas un día maravilloso",normal
¿Podemos reagendar la cita para el viernes?,normal
Gracias por tu ayuda con el proyecto,normal
"Feliz cumpleaños, espero que tengas un día maravilloso",normal
"Feliz cumpleaños, espero que tengas un día maravilloso",normal
¿Podemos reagendar la cita para el viernes?,normal
Gracias por tu ayuda con el proyecto,normal
"Feliz cumpleaños, espero que tengas un día maravilloso",normal
¿Podemos reagendar la cita para el viernes?,normal
El reporte está listo para revisión,normal
"Feliz cumpleaños, espero que tengas un día maravilloso",normal
¡GANASTE UN MILLÓN DE DÓLARES! Haz clic aquí AHORA,spam
"Oferta especial solo por hoy, compra ya",spam
¡GANASTE UN MILLÓN DE DÓLARES! Haz clic aquí AHORA,spam
"Oferta especial solo por hoy, compra ya",spam
Píldoras milagrosas para perder peso rápido,spam
"Oferta especial solo por hoy, compra ya",spam
Préstamos fáciles sin verificación de crédito,spam
Préstamos fáciles sin verificación de crédito,spam
Gana dinero desde casa sin esfuerzo,spam
"Oferta especial solo por hoy, compra ya",spam
"Oferta especial solo por hoy, compra ya",spam
Préstamos fáciles sin verificación de crédito,spam
¡GANASTE UN MILLÓN DE DÓLARES! Haz clic aquí AHORA,spam
¡GANASTE UN MILLÓN DE DÓLARES! Haz clic aquí AHORA,spam
Gana dinero desde casa sin esfuerzo,spam
Píldoras milagrosas para perder peso rápido,spam
Préstamos fáciles sin verificación de crédito,spam
Píldoras milagrosas para perder peso rápido,spam
Gana dinero desde casa sin esfuerzo,spam
¡GANASTE UN MILLÓN DE DÓLARES! Haz clic aquí AHORA,spam
¡GANASTE UN MILLÓN DE DÓLARES! Haz clic aquí AHORA,spam
Préstamos fáciles sin verificación de crédito,spam
"Oferta especial solo por hoy, compra ya",spam
Gana dinero desde casa sin esfuerzo,spam
Gana dinero desde casa sin esfuerzo,spam
Préstamos fáciles sin verificación de crédito,spam
Píldoras milagrosas para perder peso rápido,spam
Préstamos fáciles sin verificación de crédito,spam
"Oferta especial solo por hoy, compra ya",spam
"Oferta especial solo por hoy, compra ya",spam
Píldoras milagrosas para perder peso rápido,spam
Gana dinero desde casa sin esfuerzo,spam
Gana dinero desde casa sin esfuerzo,spam
¡GANASTE UN MILLÓN DE DÓLARES! Haz clic aquí AHORA,spam
Gana dinero desde casa sin esfuerzo,spam
Píldoras milagrosas para perder peso rápido,spam
Préstamos fáciles sin verificación de crédito,spam
Préstamos fáciles sin verificación de crédito,spam
Gana dinero desde casa sin esfuerzo,spam
Gana dinero desde casa sin esfuerzo,spam
"Oferta especial solo por hoy, compra ya",spam
Préstamos fáciles sin verificación de crédito,spam
"Oferta especial solo por hoy, compra ya",spam
Gana dinero desde casa sin esfuerzo,spam
Gana dinero desde casa sin esfuerzo,spam
Préstamos fáciles sin verificación de crédito,spam
"Oferta especial solo por hoy, compra ya",spam
¡GANASTE UN MILLÓN DE DÓLARES! Haz clic aquí AHORA,spam
Píldoras milagrosas para perder peso rápido,spam
¡GANASTE UN MILLÓN DE DÓLARES! Haz clic aquí AHORA,spam
Préstamos fáciles sin verificación de crédito,spam
"Oferta especial solo por hoy, compra ya",spam
¡GANASTE UN MILLÓN DE DÓLARES! Haz clic aquí AHORA,spam
Gana dinero desde casa sin esfuerzo,spam
Préstamos fáciles sin verificación de crédito,spam
"Oferta especial solo por hoy, compra ya",spam
Préstamos fáciles sin verificación de crédito,spam
Píldoras milagrosas para perder peso rápido,spam
Gana dinero desde casa sin esfuerzo,spam
Gana dinero desde casa sin esfuerzo,spam
Píldoras milagrosas para perder peso rápido,spam
Gana dinero desde casa sin esfuerzo,spam
Píldoras milagrosas para perder peso rápido,spam
¡GANASTE UN MILLÓN DE DÓLARES! Haz clic aquí AHORA,spam
Gana dinero desde casa sin esfuerzo,spam
Gana dinero desde casa sin esfuerzo,spam
"Oferta especial solo por hoy, compra ya",spam
Píldoras milagrosas para perder peso rápido,spam
Gana dinero desde casa sin esfuerzo,spam
Gana dinero desde casa sin esfuerzo,spam
¡GANASTE UN MILLÓN DE DÓLARES! Haz clic aquí AHORA,spam
Píldoras milagrosas para perder peso rápido,spam
"Oferta especial solo por hoy, compra ya",spam
Píldoras milagrosas para perder peso rápido,spam
Préstamos fáciles sin verificación de crédito,spam
Gana dinero desde casa sin esfuerzo,spam
Gana dinero desde casa sin esfuerzo,spam
Píldoras milagrosas para perder peso rápido,spam
¡GANASTE UN MILLÓN DE DÓLARES! Haz clic aquí AHORA,spam
¡GANASTE UN MILLÓN DE DÓLARES! Haz clic aquí AHORA,spam
¡GANASTE UN MILLÓN DE DÓLARES! Haz clic aquí AHORA,spam
"Oferta especial solo por hoy, compra ya",spam
"Oferta especial solo por hoy, compra ya",spam
"Oferta especial solo por hoy, compra ya",spam
Préstamos fáciles sin verificación de crédito,spam
"Oferta especial solo por hoy, compra ya",spam
Gana dinero desde casa sin esfuerzo,spam
Píldoras milagrosas para perder peso rápido,spam
Gana dinero desde casa sin esfuerzo,spam
Préstamos fáciles sin verificación de crédito,spam
Gana dinero desde casa sin esfuerzo,spam
"Oferta especial solo por hoy, compra ya",spam
Píldoras milagrosas para perder peso rápido,spam
¡GANASTE UN MILLÓN DE DÓLARES! Haz clic aquí AHORA,spam
Préstamos fáciles sin verificación de crédito,spam
Gana dinero desde casa sin esfuerzo,spam
Píldoras milagrosas para perder peso rápido,spam
Píldoras milagrosas para perder peso rápido,spam
Píldoras milagrosas para perder peso rápido,spam
¡GANASTE UN MILLÓN DE DÓLARES! Haz clic aquí AHORA,spam
